Glacier,Greenlandic Name (kuba),Greenlandic Name meaning (kuba),Fun Fact (everyone),"Frontal velocity (mean 1985–2024, m/yr) (kuba)","Frontal Ablation 2010-2020 (Gt/yr) (Kochtitzky et al., 2023)",terminus position change (mae),area km2 geodetic (kuba),population in area (2016 population within 150km radius of glacier),Mass balance 2000–2017 (Gt) (Kuba),number of publications (will) -> SCOPUS https://www.scopus.com/pages/search/publications?searchId=359819bb-ec0f-4be6-9d72-59d5b091bfde,"runoff (RACMO, 2015–2024, Gt) (kuba)"
Jakobshavn Isbræ,Sermeq Kujalleq,"The Southern Glacier; sermeq = glacier, kujalleq = southern","it is the fastest flowing glacier all across Greenland, having reached record velocities of arrpox. 45 m/day in summer of 2012",9704,40.3,-1701,77953,9335,-18.06,222,71.4
Kangiata Nunaata Sermia,Kangiata Nunaata Sermia,"The Glacier of the Land toward the Fjord; kangia = fjord, nunaat = lands, sermia = glacier","the glacier is located at the end of Nuup Kangerlua, the fjord by which lies the capital of Greenland, Nuuk",7358,3.9,-832,16607,18048,-2.1,13,28
Helheim Glacier,None,"DK: Home/Realm of Hel in Old Norse, Hel was the Norse goddess of the underworld",underwent large acceleration and retreat in early 2000s as part of synchornous change in southeast ,7867,25.1,-1722,49443,2954,-6.4,138,25.6
K.I.V Steenstrup Nørdre Bræ,Sulussuulip Apusiia North,"The Great Gully Snowfield; sulussuaq = large gorge, ravine, -lip = genitive (""of the""), apusia = snowfield, snow-covered place","between 2018 and 2021, retreated ~7 km, thinned ~20%, doubled in discharge, and accelerated ~300%. ",3373,3.7,-7301,3763,491,-1.59,1,12.5
Store Glacier,Qarassap Sermia (Sermeq Kujalleq),"The Rock Glacier; qarassaq - rock, cliff, -p = possessive, genitive; sermia = glacier",scientists drilled 1 km deep holes into the glacier to study its subglacial environment,5770,7.3,-414,30296,7103,-0.38,35,21.4
Petermann Glacier,None,"DK: Named after German cartographer August Petermann, named during the European Arctic exploration in the 19th Century","is one of the very few glaciers in Greenland that form a floating ice shelf, just like in Antarctica",1147,9.3,6062,75437,0,-2.45,103,48.7
Nioghalvfjerdsbræ,None,"DK: Seventy-Nine Glacier, terminartes at 79N latitude",it forms part of the Northeast Greenland Ice Stream which drains 17% of all the Greenland Ice Sheet,301,10.9,-1867,114291,0,-3.45,50,65
Køge Bugt,Ikeq,The Narrow Passage,"Køge Bugt is the 4th biggest contributor to ice loss from the Greenland Ice Sheet since 1972, but it’s still surprisingly under-studied. Punching above its weight.",8622,16.4,-2176,17160,77,-5.13,14,8.3
Harald Moltke Bræ,Ullip Sermia,The Sheep Glacier; ulli = wool/hair/sheep,is the only glacier draining the ice sheet that has surged this century,465,0.8,-2556,1597,806,-0.63,1,7.1
Polonia Glacier,Usullup Sermia,"The Dark Soot Glacier; usuk/usulluq = soot, dark residue, -up = genitive",LT,71,0.03,n/a,25582,9092,-0.71,3,89
Kangerlussuaq Glacier,Kangerlussuaq,"The Big Fjord; kangerluk = fjord, -ssuaq = big, great","Kangerlussuaq Glacier is actually on Greenland’s east coast, even though it shares its name with a town on the west coast that has a majour airport. Don't get lost.",8888,25.2,-3850,50450,0,-8.52,17,22.5
Daugaard-Jensen Glacier,None,"DK: Named after Niels Daugaard-Jensen, former governor of the North Greenland, commemorative of the colonial era",One of the main sources of icebergs for Northern Iceland,3832,8,-590,50340,0,1.11,12,22.3
Qooqqup Sermia,Qooqqup Sermia,The Valley Glacier; qooq = valley,"is part of a large glacier system that terminate in land, seawater and lake water",2211,0.7,22,2224,6617,-0.68,1,15.5
Tracy Glacier,Qeqertaarsuusarsuup Sermia,"The Glacier of the Very Large Island; qeqertaq = island, qeqertaarsuk = rather large island, qeqertaarsuusarsuaq = very very large island","Tracy Glacier sits right next to Heilprin Glacier in northwest Greenland, but it is melting much faster because warm ocean water flows against its front while much colder water flows against Heilprin.",2083,4.2,-2703,3281,721,-1,5,3.8
Hayes Glacier,Tuttulikassaap Sermia,"The Glacier of the Place with Reindeer; tuttu = reindeer -lik = having, -assaq = abundance, -p = possessive",this century the glacier experienced rerouting of the areas of fast flow linked to reconfiguration of hydrological network at the bed,2443,16.3,-755,25481,641,-1.68,1,17.4
Saqqarliup Sermia,Saqqarliup Sermia,"The Sunny Glacier; saqqaq = front, sunny side, exposed face, -lik = having",the glacier dams a lake that drains every 5–10 years,404,0.08,-586,9653,"11,141",-1.92,14,45.9
Isunnguata Sermia,Isunnguata Sermia,"The Headland Glacier; isungu = edge, headland, -ata = possessive",the glaciers in this area are one of the most studied thanks to the international airport nearby,63,0,n/a,16900,114,-1.99,2,76.9
Frederikshåb Isblink,Sioqqap Sermia,"The Sand Glacier; sioqqaq = sand, -p = possessive","transports huge amount of sediment, creating an outwash plain that expanded the area of Greenland",109,0.03,n/a,11107,1639,-1.57,4,87.4
Nordenskiöld Glacier,Akuliarutsip Sermia,"The Middle Passage Glacier; akulleq = middle, -arut/-rut = passage, route, way, -sip = possessive","its surroundings have been studied by Finnish-Swedish geoloigst Nordenskiöld, contributing to the first description of cryoconite, a dark, biologically-active sediment that enhances glacier melt",39,0,n/a,20988,10314,-3.09,6,95.2